{
    "Model": "LinearRegression",
    "MSE": 14.28627516818812,
    "RMSE": 3.7797189271410274
}